Scheme,Corr_Continuous,Corr_Top20_Binary
Scheme_Optimized,0.9019675184440322,0.5329309246358841
Scheme_Discussion,0.9330249459526064,0.49914186443820974
Scheme_B,0.9846515591225798,0.48313987124905033
